{
  "project_info": {
    "project_number": "717960986940",
    "firebase_url": "https://cafecoffee-b2009-default-rtdb.asia-southeast1.firebasedatabase.app",
    "project_id": "cafecoffee-b2009",
    "storage_bucket": "cafecoffee-b2009.appspot.com"
  },
  "client": [
    {
      "client_info": {
        "mobilesdk_app_id": "1:717960986940:android:d800d700f26957b01d5e39",
        "android_client_info": {
          "package_name": "com.example.cafecoffeeday"
        }
      },
      "oauth_client": [
        {
          "client_id": "717960986940-h2gj0kd0c5elf8200nmnoi7gi5dmnecc.apps.googleusercontent.com",
          "client_type": 1,
          "android_info": {
            "package_name": "com.example.cafecoffeeday",
            "certificate_hash": "6df8f7f5ed098857dc5e53816c6f7bdef5228eea"
          }
        },
        {
          "client_id": "717960986940-534qm2a4mrukkag84i9b718njnktinvr.apps.googleusercontent.com",
          "client_type": 3
        }
      ],
      "api_key": [
        {
          "current_key": "AIzaSyBa3WXdkUpgU8WjI_8i_CL5dI3UYA3NJcI"
        }
      ],
      "services": {
        "appinvite_service": {
          "other_platform_oauth_client": [
            {
              "client_id": "717960986940-534qm2a4mrukkag84i9b718njnktinvr.apps.googleusercontent.com",
              "client_type": 3
            }
          ]
        }
      }
    }
  ],
  "configuration_version": "1"
}